,n_steps,hvac_power,temperature,mean_train_loss
0,0,0.10447715,1.1953869,0.6676387786865234
1,1000,0.014025253,0.14649123,0.05167207448973791
2,2000,0.010094163,0.12931834,0.029893779495489558
3,3000,0.008428131,0.15085156,0.022837951837321135
4,4000,0.0022041483,0.056857802,0.017704548521518548
5,5000,0.0021609655,0.067227684,0.015131786669866218
6,6000,0.0035091084,0.057895575,0.01298261520957086
