,n_steps,hvac_power,temperature,mean_train_loss
0,0,1.0257835,0.94617504,0.5658982396125793
1,1000,0.16140842,0.05696804,0.026038552227777664
2,2000,0.10310803,0.048757102,0.0160266327083001
3,3000,0.07714276,0.034756165,0.012333115820174505
4,4000,0.07722977,0.03946817,0.009958589859378373
5,5000,0.04906355,0.029734632,0.008667779990702264
6,6000,0.08079426,0.037104603,0.007537106860266354
